,City,Clouds,Country,Date,Humidity,Lat,Lon,Max Temp,Wind Speed
0,Avarua,32,CK,1578070725,100,-21.21,-159.78,293.15,0.5
1,Ushuaia,40,AR,1578070610,43,-54.81,-68.31,286.15,4.1
2,Mar del Plata,79,AR,1578070324,20,-46.43,-67.52,303.89,18.06
3,Broome,34,GB,1578070613,86,52.47,1.45,279.26,3.1
4,Samarai,86,PG,1578070725,89,-10.62,150.67,297.91,0.86
5,Barrow,0,AR,1578070725,24,-38.31,-60.23,304.0,5.3
6,Codrington,0,AU,1578070726,88,-28.95,153.24,294.15,2.6
7,Kaeo,45,NZ,1578070726,100,-35.1,173.78,287.59,6.44
8,Savelugu,51,GH,1578070726,10,9.63,-0.83,300.38,3.16
9,Atuona,0,PF,1578070615,71,-9.8,-139.03,300.13,6.06
10,Mount Gambier,10,AU,1578070613,72,-37.83,140.78,292.15,4.6
11,Marfino,40,RU,1578070726,91,56.07,37.56,274.26,6.0
12,Port Alfred,100,ZA,1578070729,97,-33.59,26.89,293.71,1.79
13,Kulhudhuffushi,0,MV,1578070729,80,6.62,73.07,300.89,5.41
14,Rikitea,100,PF,1578070729,80,-23.12,-134.97,298.92,3.93
15,Hamilton,90,CA,1578070619,93,43.26,-79.87,281.48,2.1
16,Mogadishu,59,SO,1578070729,82,2.04,45.34,300.59,10.68
17,Albany,90,US,1578070404,56,42.65,-73.75,281.48,3.6
18,Kidal,14,ML,1578070730,25,18.44,1.41,288.1,5.58
19,Bluff,12,AU,1578070612,84,-23.58,149.07,293.33,4.12
20,Jamestown,0,AU,1578070610,68,-33.21,138.6,291.88,9.4
21,Cherskiy,9,RU,1578070611,65,68.75,161.3,256.13,4.94
22,Maun,20,BW,1578070730,41,-19.99,23.42,307.15,1.0
23,Byron Bay,3,AU,1578070730,83,-28.65,153.62,294.82,2.1
24,Qaanaaq,100,GL,1578070613,91,77.48,-69.36,234.37,3.23
25,Chuy,30,UY,1578070724,57,-33.69,-53.46,297.67,6.69
26,Nome,75,US,1578070730,88,30.04,-94.42,292.15,1.5
27,Henties Bay,38,NA,1578070730,83,-22.12,14.28,291.48,1.79
28,Khatanga,100,RU,1578070730,98,71.98,102.47,253.1,3.07
29,Hilo,1,US,1578070731,77,19.71,-155.08,292.15,3.1
30,Batticaloa,8,LK,1578070731,94,7.71,81.69,296.71,0.77
31,Northam,0,AU,1578070731,44,-31.65,116.67,288.15,4.1
32,Saskylakh,44,RU,1578070612,94,71.97,114.09,243.84,3.19
33,Foso,70,GH,1578070731,39,5.7,-1.29,300.0,3.04
34,Richards Bay,83,ZA,1578070731,85,-28.77,32.06,299.16,9.61
35,Makinsk,98,KZ,1578070731,98,52.63,70.42,259.57,3.9
36,Ahipara,52,NZ,1578070731,100,-35.17,173.16,286.48,10.23
37,Nikolskoye,90,RU,1578070614,80,59.7,30.79,278.15,8.0
38,Butaritari,100,KI,1578070612,80,3.07,172.79,301.37,5.49
39,Hobart,98,AU,1578070507,59,-42.88,147.33,291.15,6.2
40,Luderitz,0,NA,1578070731,81,-26.65,15.16,291.48,14.76
41,Gondar,75,PT,1578070732,93,41.82,-8.78,288.15,1.5
42,Hithadhoo,40,MV,1578070732,68,-0.6,73.08,301.71,1.95
43,Katsuura,20,JP,1578070732,61,33.93,134.5,281.15,4.1
44,Vila Franca do Campo,20,PT,1578070732,77,37.72,-25.43,290.15,4.1
45,Araouane,19,ML,1578070732,16,18.9,-3.53,290.57,4.7
46,Tasiilaq,40,GL,1578070732,48,65.61,-37.64,265.15,12.3
47,Mezen,100,RU,1578070732,98,65.85,44.24,274.77,7.0
48,Lazurne,98,UA,1578070732,86,46.77,34.99,276.17,3.45
49,Sola,94,TZ,1578070732,72,-3.17,33.8,294.11,2.15
50,Acapulco,40,MX,1578070792,65,16.86,-99.88,300.15,2.28
51,Tomelloso,75,ES,1578070792,81,39.16,-3.02,282.59,1.91
52,Pevek,81,RU,1578070792,62,69.7,170.27,254.46,3.78
53,Lisala,62,CD,1578070793,39,2.15,21.52,298.41,0.79
54,Geraldton,90,CA,1578070793,78,49.72,-86.95,265.15,2.6
55,Belaya Gora,87,RU,1578070793,100,68.54,146.19,240.99,0.77
56,Cape Town,20,ZA,1578070408,68,-33.93,18.42,295.15,9.8
57,Amahai,99,ID,1578070793,84,-3.31,129.0,302.04,3.52
58,Yellowknife,90,CA,1578070793,84,62.45,-114.38,258.15,4.1
59,Vaini,15,IN,1578070610,81,15.34,74.49,290.27,1.1
60,Bethel,1,US,1578070793,75,60.79,-161.76,250.15,4.6
61,Bredasdorp,20,ZA,1578070793,60,-34.53,20.04,296.15,4.6
62,Punta Arenas,40,CL,1578070357,44,-53.16,-70.91,285.15,4.6
63,Ostrovnoy,100,RU,1578070793,96,68.05,39.51,274.42,9.91
64,Trelew,19,AR,1578070528,16,-43.25,-65.31,309.62,5.27
65,Isangel,25,VU,1578070794,77,-19.55,169.27,296.75,6.55
66,Martinsville,90,US,1578070566,93,36.69,-79.87,284.26,3.1
67,Longyearbyen,20,NO,1578070794,65,78.22,15.63,259.15,8.7
68,Port Elizabeth,90,US,1578070612,93,39.31,-74.98,284.26,4.6
69,New Norfolk,99,AU,1578070794,59,-42.78,147.06,291.15,6.2
70,Esperance,75,AU,1578070558,71,-33.86,121.89,284.15,2.1
71,Sisimiut,100,GL,1578070794,61,66.94,-53.67,262.12,0.81
72,Busselton,0,AU,1578070610,41,-33.64,115.35,282.04,5.05
73,Teguise,0,ES,1578070794,52,29.06,-13.56,292.15,5.7
74,Port Hedland,40,AU,1578070794,69,-20.31,118.58,301.15,5.7
75,Kavieng,93,PG,1578070794,70,-2.57,150.8,302.17,0.19
76,Port Hardy,90,CA,1578070794,93,50.7,-127.42,281.15,7.2
77,Kodiak,1,US,1578070794,80,39.95,-94.76,277.59,2.1
78,Portland,90,US,1578070795,56,43.66,-70.25,280.15,2.1
79,Cabo San Lucas,5,MX,1578070632,68,22.89,-109.91,294.26,1.0
80,Tautira,40,PF,1578070795,65,-17.73,-149.15,299.15,4.1
81,Hermanus,0,ZA,1578070795,71,-34.42,19.24,294.82,0.45
82,Mataura,66,NZ,1578070614,83,-46.19,168.86,280.93,6.71
83,Igarka,97,RU,1578070795,97,67.47,86.57,253.23,4.6
84,Ossora,100,RU,1578070795,85,59.24,163.07,269.5,9.58
85,Hambantota,30,LK,1578070795,83,6.12,81.12,299.83,5.27
86,Tura,100,RU,1578070795,99,64.27,100.22,251.93,0.78
87,Nargana,100,PA,1578070795,78,9.44,-78.59,300.31,4.39
88,San Jose de Gracia,76,MX,1578070795,34,20.67,-102.58,293.67,2.06
89,East London,90,ZA,1578070796,100,-33.02,27.91,295.15,5.7
90,Karasburg,33,NA,1578070796,13,-28.01,18.75,304.81,5.5
91,San Patricio,0,PY,1578070796,32,-26.98,-56.83,306.25,3.89
92,Saint Anthony,90,US,1578070796,79,43.97,-111.68,271.15,2.6
93,Ilulissat,20,GL,1578070796,52,69.22,-51.1,265.15,11.3
94,Fortuna,1,US,1578070796,86,40.6,-124.16,282.59,6.2
95,Cidreira,8,BR,1578070796,77,-30.17,-50.22,296.06,9.33
96,Sabzevar,40,IR,1578070796,64,36.21,57.68,277.15,3.06
97,Orodara,11,BF,1578070796,19,10.98,-4.92,300.15,3.6
98,Shiyan,36,CN,1578070796,64,32.65,110.78,277.0,0.95
99,Cockburn Town,14,TC,1578070796,79,21.46,-71.14,298.99,6.16
100,Dalvik,28,SE,1578070797,93,57.79,14.13,275.37,4.6
101,Port Keats,98,AU,1578070797,78,-14.25,129.55,301.62,3.01
102,Itoman,20,JP,1578070797,72,26.12,127.67,289.15,1.5
103,Pangnirtung,90,CA,1578070797,84,66.15,-65.72,257.15,1.0
104,Manzhouli,0,CN,1578070797,90,49.6,117.43,256.06,3.71
105,Thinadhoo,83,MV,1578070857,67,0.53,72.93,301.85,2.46
106,Klaksvik,71,FO,1578070857,60,62.23,-6.59,273.15,13.4
107,Biak,100,ID,1578070857,76,-0.91,122.88,300.91,3.88
108,Souillac,90,FR,1578070857,81,45.6,-0.6,285.15,3.6
109,Ponta Delgada,20,PT,1578070830,77,37.73,-25.67,290.15,4.1
110,Ilanskiy,33,RU,1578070857,74,56.24,96.06,268.23,4.67
111,Airai,100,TL,1578070857,91,-8.93,125.41,293.56,1.34
112,Sanary-sur-Mer,100,FR,1578070857,71,43.12,5.8,286.15,6.2
113,Mwense,100,ZM,1578070857,92,-10.39,28.7,294.53,0.22
114,Arraial do Cabo,87,BR,1578070858,74,-22.97,-42.02,303.15,5.7
115,Gazimurskiy Zavod,7,RU,1578070858,100,51.55,118.33,250.49,1.07
116,Ulladulla,1,AU,1578070858,100,-35.36,150.48,293.15,1.5
117,Palmer,75,AU,1578070858,73,-34.85,139.16,297.04,6.2
118,Taoudenni,70,ML,1578070858,17,22.68,-3.98,291.08,5.47
119,Lebu,40,ET,1578070858,63,8.96,38.73,290.15,5.1
120,Kapaa,40,US,1578070858,88,22.08,-159.32,296.15,2.1
121,Saint-Philippe,90,CA,1578070858,80,45.36,-73.48,279.26,2.6
122,Bloemfontein,40,ZA,1578070858,42,-29.12,26.22,300.15,2.6
123,Sitka,0,US,1578070858,60,37.17,-99.65,278.71,6.26
124,Sao Filipe,100,CV,1578070858,72,14.9,-24.5,295.67,4.75
125,Lorengau,100,PG,1578070615,74,-2.02,147.27,301.94,1.93
126,Chipinge,89,ZW,1578070858,60,-20.19,32.62,296.14,3.27
127,Sioux Lookout,90,CA,1578070858,85,50.1,-91.92,263.15,4.1
128,Dingle,77,PH,1578070859,95,11.0,122.67,295.66,4.47
129,Ugep,4,NG,1578070859,24,5.81,8.08,300.62,2.28
130,Aljezur,100,PT,1578070859,63,37.31,-8.8,289.26,5.04
131,Mount Isa,0,AU,1578070859,58,-20.73,139.49,302.15,3.6
132,Georgetown,40,GY,1578070859,70,6.8,-58.16,303.15,4.1
133,Muzhi,99,RU,1578070859,93,65.4,64.7,259.73,2.8
134,Beloha,4,MG,1578070859,82,-25.17,45.06,296.98,6.09
135,Saginaw,90,US,1578070859,69,43.42,-83.95,277.15,2.6
136,Teya,5,MX,1578070859,70,21.05,-89.07,303.15,7.7
137,Hasaki,20,JP,1578070859,80,35.73,140.83,275.37,2.6
138,Nouadhibou,0,MR,1578070859,19,20.93,-17.03,297.15,4.6
139,Izhmorskiy,99,RU,1578070859,92,56.19,86.64,268.52,5.67
140,Santa Isabel do Rio Negro,7,BR,1578070860,38,-0.41,-65.02,307.77,1.39
141,Wenling,94,CN,1578070860,94,28.38,121.38,285.34,2.32
142,Lata,90,IN,1578070860,81,30.78,78.62,258.52,2.78
143,Wasilla,90,US,1578070860,84,61.58,-149.44,258.15,2.6
144,Sayyan,0,YE,1578070860,43,15.17,44.32,288.1,3.13
145,Jumla,95,NP,1578070860,88,29.28,82.18,267.65,2.55
146,Egvekinot,0,RU,1578070860,75,66.32,-179.17,247.91,4.61
147,Kosa,0,JP,1578070860,86,32.67,130.82,278.71,1.34
148,Sydney,0,AU,1578070811,83,-33.85,151.22,295.37,1.0
149,Carnarvon,0,ZA,1578070860,16,-30.97,22.13,300.81,4.41
150,Eydhafushi,0,MV,1578070860,78,5.1,73.07,301.16,7.57
151,Saint-Joseph,100,FR,1578070860,81,43.56,6.97,285.37,1.0
152,College,1,US,1578070860,82,64.86,-147.8,253.15,1.73
153,Padang,96,ID,1578070860,93,-0.92,100.36,293.08,2.46
154,Verkhniye Tatyshly,100,RU,1578070861,94,56.29,55.86,264.44,7.88
155,Iwanai,100,JP,1578070861,84,42.97,140.51,265.32,4.55
156,Cayenne,90,GF,1578070861,74,4.94,-52.33,302.15,4.6
157,Mayumba,99,GA,1578070861,84,-3.44,10.65,300.38,4.43
158,Kamakwie,25,SL,1578070921,18,9.5,-12.24,303.41,1.78
159,Wysokie Mazowieckie,5,PL,1578070921,100,52.92,22.51,274.26,6.36
160,Aguimes,0,ES,1578070921,45,27.91,-15.45,292.59,1.5
161,Ust-Barguzin,100,RU,1578070921,95,53.41,109.03,262.8,2.33
162,Los Llanos de Aridane,20,ES,1578070921,52,28.66,-17.92,293.15,5.1
163,Abidjan,51,CI,1578070921,37,5.32,-4.02,303.15,3.6
164,Vincennes,90,FR,1578070628,87,48.85,2.44,284.26,5.1
165,Charlestown,90,US,1578070921,100,41.38,-71.64,282.04,2.6
166,Rocha,40,UY,1578070922,50,-34.48,-54.34,298.73,6.94
167,Severo-Kurilsk,74,RU,1578070922,79,50.68,156.12,263.02,0.9
168,Jalu,6,LY,1578070922,54,29.03,21.55,282.46,3.71
169,Anloga,28,GH,1578070922,37,5.79,0.9,303.15,3.1
170,Trinidad,75,BO,1578070922,83,-14.83,-64.9,300.15,1.5
171,Selfoss,17,IS,1578070922,53,63.94,-21.0,267.15,5.1
172,Mareeba,40,AU,1578070849,83,-16.99,145.42,298.15,4.1
173,Castro,75,CL,1578070922,68,-42.48,-73.76,295.15,5.7
174,Sijunjung,100,ID,1578070922,96,-0.69,100.95,294.44,0.47
175,Norrtalje,28,SE,1578070922,41,59.76,18.7,279.26,6.7
176,Amga,53,RU,1578070923,97,60.89,131.98,237.88,1.09
177,Puerto Ayora,40,EC,1578070923,65,-0.74,-90.35,301.15,7.2
178,Dikson,90,RU,1578070923,95,73.51,80.55,254.14,8.65
179,Dalbandin,20,PK,1578070780,60,28.9,64.41,287.12,1.99
180,Aleksandrov Gay,100,RU,1578070923,76,50.14,48.57,272.26,4.93
181,Tommot,100,RU,1578070923,97,58.97,126.27,256.33,1.05
182,Vanimo,100,PG,1578070923,76,-2.67,141.3,301.76,9.0
183,Clyde River,75,CA,1578070923,68,70.47,-68.59,244.15,5.1
184,Havre,1,US,1578070876,79,48.55,-109.68,269.15,2.1
185,Ankazoabo,28,MG,1578070923,63,-22.29,44.51,297.81,2.44
186,Bikaner,0,IN,1578070923,52,28.02,73.32,286.9,0.85
187,Kirakira,15,SB,1578070923,87,-10.46,161.92,298.02,3.71
188,Dicabisagan,88,PH,1578070923,87,17.08,122.42,296.01,4.82
189,Denpasar,75,ID,1578070879,88,-8.65,115.22,301.15,6.2
190,Lasa,75,CY,1578070927,76,34.92,32.53,284.15,4.1
191,Salalah,20,OM,1578070793,61,17.01,54.1,299.15,5.1
192,Sur,0,OM,1578070927,63,22.57,59.53,294.57,3.9
193,Saint-Francois,90,FR,1578070927,87,46.42,3.91,283.15,1.5
194,Stavern,8,NO,1578070927,64,59.0,10.03,278.15,9.3
195,Diego de Almagro,17,CL,1578070927,25,-26.39,-70.05,301.45,7.48
196,Dawlatabad,0,AF,1578070927,76,36.41,64.91,280.15,2.22
197,Santa Cruz Cabralia,75,BR,1578070927,66,-16.28,-39.02,303.15,8.2
198,Newport,13,GB,1578070927,80,51.59,-3.0,280.93,4.6
199,Arlit,0,NE,1578070927,20,18.74,7.39,289.1,4.7
200,Ponta do Sol,48,BR,1578070927,64,-20.63,-46.0,300.9,1.39
201,Mayo,90,CA,1578070927,76,63.59,-135.9,253.15,1.5
202,Upernavik,100,GL,1578070927,99,72.79,-56.15,252.46,6.21
203,Juneau,20,US,1578070922,92,58.3,-134.42,271.15,3.69
204,Tiksi,38,RU,1578070928,76,71.64,128.87,242.29,2.47
205,Benguela,20,AO,1578070928,74,-12.58,13.4,301.15,4.1
206,Zhigansk,47,RU,1578070928,92,66.77,123.37,239.02,5.42
207,Callaguip,1,PH,1578070928,77,18.07,120.49,294.38,4.15
208,Chokurdakh,28,RU,1578070928,94,70.62,147.9,245.47,2.06
209,Camocim,78,BR,1578070928,71,-2.9,-40.84,302.46,5.03
210,Shimoda,0,JP,1578070928,82,34.7,138.93,277.04,6.63
211,Tomatlan,25,MX,1578070928,27,19.93,-105.25,299.83,0.8
212,Tuktoyaktuk,75,CA,1578070928,75,69.44,-133.03,245.15,5.7
213,Sistranda,75,NO,1578070988,74,63.73,8.83,275.93,15.9
214,Thompson,75,CA,1578070988,92,55.74,-97.86,260.15,2.1
215,Ouegoa,0,NC,1578070988,91,-20.34,164.44,292.68,1.78
216,Neuquen,0,AR,1578070989,38,-38.95,-68.06,305.15,4.1
217,Karachi,12,PK,1578070932,59,24.87,67.03,290.15,2.73
218,Trincomalee,0,LK,1578070989,94,8.58,81.23,297.24,1.01
219,Petropavlivka,70,UA,1578070989,87,48.46,36.42,271.35,1.92
220,Cadillac,90,US,1578070716,69,44.25,-85.4,274.26,3.1
221,Norman Wells,90,CA,1578070989,76,65.28,-126.83,250.15,4.1
222,Innisfail,74,AU,1578070989,92,-17.52,146.03,296.13,2.14
223,Oussouye,77,SN,1578070989,29,12.49,-16.54,305.15,3.1
224,Berdigestyakh,99,RU,1578070989,97,62.1,126.7,241.71,2.38
225,Manado,40,ID,1578070989,94,1.49,124.85,297.15,0.5
226,Rosa Zarate,95,EC,1578070989,82,0.33,-79.47,300.38,2.33
227,Umm Kaddadah,70,SD,1578070989,24,13.6,26.69,292.42,6.11
228,Vao,100,EE,1578070990,92,59.1,26.19,278.1,7.02
229,Fayaoue,0,NC,1578070990,77,-20.65,166.53,297.5,8.66
230,Obo,100,CF,1578070990,27,5.39,26.49,302.97,1.85
231,Ust-Maya,25,RU,1578070990,96,60.42,134.54,237.1,1.06
232,Payson,75,US,1578070990,79,40.04,-111.73,276.48,1.5
233,Kruisfontein,42,ZA,1578070990,88,-34.0,24.73,292.95,3.76
234,Mahon,20,IE,1578070990,75,51.89,-8.4,279.15,2.1
235,Namibe,99,AO,1578070990,80,-15.19,12.15,297.31,2.76
236,Vostochnyy,40,RU,1578070990,92,55.82,37.87,274.26,6.0
237,Marsa Matruh,40,EG,1578070990,87,31.35,27.25,283.15,6.2
238,Anadyr,0,RU,1578070990,66,64.73,177.51,239.15,5.0
239,Belmonte,19,PT,1578070991,85,40.36,-7.35,285.93,1.34
240,Anjiang,100,CN,1578070991,87,27.32,110.14,277.57,1.15
241,Duldurga,15,RU,1578070991,86,50.67,113.59,258.16,1.76
242,La Rioja,0,AR,1578070991,37,-29.41,-66.86,299.64,3.37
243,Barra Patuca,100,HN,1578070991,72,15.8,-84.28,300.78,6.92
244,Weiser,1,US,1578070991,86,44.25,-116.97,273.71,0.65
245,Provideniya,0,RU,1578070991,69,64.42,-173.23,247.93,4.19
246,Hovd,90,NO,1578070991,86,63.83,10.7,276.48,9.3
247,Hofn,30,IS,1578070985,44,64.25,-15.21,267.15,11.8
248,Okhotsk,73,RU,1578070991,76,59.36,143.24,260.14,8.52
249,Victoria,75,BN,1578070991,78,5.28,115.24,301.15,5.1
250,Kenai,75,US,1578070991,84,60.55,-151.26,262.59,4.1
251,Paita,34,PE,1578070991,100,-5.09,-81.11,290.15,7.2
252,Pisco,90,PE,1578070992,30,-13.71,-76.2,295.93,6.7
253,Palmerston,40,AU,1578070992,74,-12.49,130.99,302.15,2.1
254,Nieuw Amsterdam,40,SR,1578070992,58,5.88,-55.08,304.26,5.1
255,Iqaluit,90,CA,1578070992,85,63.75,-68.52,261.15,1.5
256,Waipawa,0,NZ,1578070992,73,-39.94,176.59,285.37,3.58
257,Lavrentiya,64,RU,1578070992,94,65.58,-170.99,246.41,3.95
258,Petropavlovsk-Kamchatskiy,75,RU,1578070992,92,53.05,158.65,264.15,1.0
259,Mirebalais,20,HT,1578070992,58,18.83,-72.1,304.15,3.1
260,Kaitangata,96,NZ,1578070992,69,-46.28,169.85,282.81,16.88
261,Margate,98,AU,1578070992,59,-43.03,147.26,291.15,6.2
262,Necochea,0,AR,1578070992,71,-38.55,-58.74,295.37,8.15
263,Soe,100,EE,1578070992,86,57.91,26.05,278.15,8.7
264,Llanes,50,ES,1578070992,10,43.42,-4.75,284.26,3.99
265,Tessalit,42,ML,1578070977,22,20.2,1.01,289.15,5.58
266,Yulara,95,AU,1578071053,73,-25.24,130.99,298.15,5.7
267,Salisbury,20,GB,1578070754,81,51.07,-1.8,280.93,3.1
268,Te Anau,77,NZ,1578071053,75,-45.41,167.72,277.88,2.53
269,Vila Velha,75,BR,1578071053,62,-3.71,-38.6,304.15,6.7
270,Alofi,40,NU,1578071053,94,-19.06,-169.92,294.15,0.5
271,Vestmannaeyjar,42,IS,1578071053,57,63.44,-20.27,267.15,6.7
272,Saint George,40,GR,1578070816,55,39.45,22.34,281.15,0.79
273,Komsomolets,100,RU,1578071053,92,52.77,41.29,272.22,5.63
274,Mahebourg,75,MU,1578071053,94,-20.41,57.7,299.15,1.5
275,Ribeira Grande,75,PT,1578071053,77,38.52,-28.7,290.15,7.7
276,Saint-Pierre,75,FR,1578071053,100,48.95,4.24,283.15,6.7
277,Bambous Virieux,75,MU,1578071053,94,-20.34,57.76,299.15,1.5
278,Upington,20,ZA,1578071054,11,-28.46,21.24,311.15,6.7
279,Port Shepstone,76,ZA,1578071054,94,-30.74,30.45,297.17,3.16
280,Zeya,5,RU,1578071054,94,53.74,127.27,242.74,0.52
281,Awjilah,6,LY,1578071054,54,29.14,21.3,282.46,3.71
282,Baherden,84,TM,1578071054,67,38.44,57.43,280.64,3.27
283,Mehran,0,IR,1578071054,60,33.12,46.17,279.15,1.0
284,Pangkalanbuun,100,ID,1578071054,98,-2.68,111.62,296.55,0.87
285,Chabahar,12,IR,1578071054,73,25.29,60.65,294.11,1.78
286,Alice Springs,23,AU,1578071054,48,-23.7,133.88,302.15,8.7
287,Mosquera,20,CO,1578071054,37,4.71,-74.23,292.15,2.6
288,Bagdarin,100,RU,1578071055,82,54.44,113.59,256.19,1.33
289,Matagami,52,NG,1578071055,25,9.67,8.4,294.92,2.84
290,Carlyle,1,CA,1578071055,85,49.63,-102.27,264.15,4.6
291,Estelle,100,FR,1578071055,87,43.97,3.47,283.15,1.5
292,Sabang,21,PH,1578071055,81,13.8,121.11,298.15,1.79
293,Ketchikan,90,US,1578071055,74,55.34,-131.65,274.15,2.6
294,Pundaguitan,94,PH,1578071055,79,6.37,126.17,298.88,4.09
295,Bathsheba,20,BB,1578071055,55,13.22,-59.52,303.15,6.2
296,Flinders,0,AU,1578071055,100,-34.58,150.85,294.26,1.5
297,Kerema,100,PG,1578071055,88,-7.96,145.78,297.11,0.86
298,Celestun,18,MX,1578071055,81,20.87,-90.4,299.26,3.76
299,Inuvik,90,CA,1578071056,75,68.36,-133.71,248.15,3.1
300,Beni,70,CD,1578071056,62,0.49,29.47,295.49,0.31
301,Khor,0,RU,1578071056,93,47.88,134.96,247.56,2.75
302,Morgan City,90,US,1578071056,100,29.7,-91.21,289.26,3.11
303,San Pedro Sacatepequez,75,GT,1578071056,68,14.68,-90.64,293.15,4.1
304,Oga,99,IT,1578071056,79,46.46,10.35,275.93,1.5
305,Pontes e Lacerda,80,BR,1578071056,66,-15.23,-59.33,303.47,2.03
306,Soria,80,ES,1578071056,84,41.76,-2.46,275.93,0.45
307,Pio XII,85,BR,1578071056,75,-3.89,-45.17,302.81,1.54
308,Nuuk,75,GL,1578070986,57,64.17,-51.74,268.15,4.6
309,Lompoc,1,US,1578070883,75,34.64,-120.46,289.26,5.16
310,Puerto Montt,75,CL,1578071056,68,-41.47,-72.94,294.15,4.6
311,Skoghall,0,SE,1578071056,69,59.32,13.47,277.04,6.7
312,Leningradskiy,10,RU,1578071056,77,69.38,178.42,250.49,6.13
313,Whitehorse,75,CA,1578070902,84,60.72,-135.06,257.15,1.5
314,Aswan,10,EG,1578071057,39,24.09,32.9,285.19,5.25
315,Hobyo,20,SO,1578071057,74,5.35,48.53,298.24,7.51
316,Tak,0,TH,1578071057,67,16.87,99.12,293.54,1.27
317,Antalaha,100,MG,1578071057,83,-14.9,50.28,298.86,1.88
318,Jiexiu,61,CN,1578071057,70,37.02,111.92,272.31,0.41
319,Redcliffe,0,AU,1578071117,36,-31.94,115.94,289.26,7.2
320,Saldanha,36,PT,1578071117,93,41.42,-6.55,279.35,0.88
321,Verkhnevilyuysk,100,RU,1578071117,98,63.45,120.31,248.1,1.99
322,Koslan,100,RU,1578071117,97,63.46,48.9,274.01,6.44
323,Zupanja,90,HR,1578071117,100,45.08,18.7,272.15,2.1
324,Santander Jimenez,33,MX,1578071117,34,24.22,-98.47,296.4,6.67
325,Miandrivazo,100,MG,1578071117,86,-19.53,45.46,297.74,4.09
326,Naze,22,NG,1578071118,29,5.43,7.07,305.15,4.6
327,Fort Nelson,75,CA,1578071118,83,58.81,-122.69,249.15,2.82
328,Dunedin,20,NZ,1578070988,63,-45.87,170.5,282.59,16.54
329,Pachino,0,IT,1578071118,66,36.72,15.09,284.15,2.1
330,Mitu,98,IR,1578071118,92,36.2,46.09,271.53,1.57
331,Yanam,40,IN,1578071118,88,16.73,82.22,298.15,5.1
332,Kavaratti,71,IN,1578071118,81,10.57,72.64,300.52,6.94
333,Hami,0,CN,1578071118,55,42.84,93.51,265.02,0.92
334,Constitucion,5,MX,1578071118,56,23.99,-104.67,282.04,1.27
335,Kuching,75,MY,1578070854,94,1.56,110.34,299.15,1.0
336,Tateyama,100,JP,1578071119,89,36.66,137.31,278.71,0.89
337,Lagoa,75,PT,1578071119,72,37.14,-8.45,289.26,1.0
338,Karasjok,95,NO,1578071119,92,69.47,25.52,271.15,7.2
339,Cape Coast,53,GH,1578071119,54,5.11,-1.24,300.75,4.81
340,Ventspils,90,LV,1578071119,93,57.39,21.56,279.15,9.3
341,Abu Samrah,99,SY,1578071119,83,35.3,37.18,282.58,4.98
342,Jardim,25,BR,1578071119,33,-21.48,-56.15,307.51,4.14
343,Touros,40,BR,1578071119,52,-5.2,-35.46,305.15,7.7
344,Poyarkovo,50,RU,1578071119,90,49.62,128.65,247.7,1.1
345,Olga,1,US,1578071120,39,34.11,-118.17,291.48,1.5
346,Dolores,0,UY,1578071120,50,-33.53,-58.22,299.82,6.71
347,Strezhevoy,35,RU,1578071120,92,60.73,77.6,258.15,3.0
348,Trairi,66,BR,1578071120,62,-3.28,-39.27,303.12,3.08
349,Povenets,100,RU,1578071120,92,62.85,34.83,276.0,6.82
350,Hays,1,US,1578070922,74,38.88,-99.33,280.93,7.2
351,Lixourion,98,GR,1578071120,50,38.2,20.43,284.15,4.6
352,Chumikan,0,RU,1578071120,84,54.72,135.31,247.54,2.68
353,Macapa,75,BR,1578071120,94,0.05,-51.07,301.15,1.0
354,Komsomolskiy,95,RU,1578071120,95,67.55,63.78,257.82,4.37
355,Millau,90,FR,1578071120,93,44.1,3.08,279.15,1.0
356,Fergus Falls,90,US,1578071120,79,46.28,-96.08,270.15,4.1
357,Susuman,98,RU,1578071120,97,62.78,148.15,255.65,1.27
358,Paka,72,CF,1578071120,28,4.15,15.03,296.29,0.21
359,Muncie,90,US,1578070897,87,40.19,-85.39,282.59,1.57
360,Kahului,90,US,1578071121,94,20.89,-156.47,295.15,5.1
361,Grootfontein,100,NA,1578071121,69,-19.56,18.1,293.61,3.71
362,Nokaneng,100,BW,1578071121,75,-19.66,22.19,296.73,6.43
363,Wanning,75,AT,1578071121,100,48.64,13.53,275.93,2.6
364,Kampong Chhnang,100,KH,1578071121,65,12.25,104.67,296.83,1.75
365,Orange Cove,90,US,1578071121,100,36.62,-119.31,282.04,1.5
366,Kunya,50,NG,1578071121,34,12.22,8.53,293.15,6.2
367,Bilibino,60,RU,1578071121,57,68.06,166.44,252.78,0.85
368,Pacific Grove,1,US,1578071031,62,36.62,-121.92,284.82,1.5
369,Atar,100,MR,1578070926,12,20.52,-13.05,293.03,6.25
370,Hervey Bay,1,AU,1578071121,83,-25.3,152.85,294.26,2.6
371,Philadelphia,90,US,1578070987,100,39.95,-75.16,282.15,2.6
372,Brandon,90,US,1578071052,88,43.59,-96.57,275.15,4.6
373,Usolye-Sibirskoye,71,RU,1578071182,80,52.75,103.66,261.19,0.56
374,Yumen,0,CN,1578071182,60,40.29,97.04,264.37,1.68
375,Katangli,100,RU,1578071182,95,51.71,143.23,254.6,2.74
376,Daru,100,PG,1578071182,83,-9.07,143.21,296.68,0.55
377,Madang,83,CN,1578071182,52,35.32,102.79,269.89,0.38
378,Machalpur,0,IN,1578071183,65,24.13,76.3,287.23,2.71
379,Romitan,35,UZ,1578071183,75,39.93,64.38,278.15,2.1
380,Saint-Michel-des-Saints,93,CA,1578071183,95,46.68,-73.92,274.5,4.03
381,La Ronge,90,CA,1578071183,78,55.1,-105.3,264.15,4.1
382,Jaru,97,BR,1578071183,90,-10.43,-62.48,299.68,2.35
383,Oranjemund,0,ZA,1578071183,79,-28.55,16.43,290.76,8.39
384,Ulaangom,27,MN,1578071183,91,49.98,92.07,247.61,1.08
385,Semey,67,KZ,1578071184,85,50.41,80.25,264.15,2.0
386,Iberia,79,PE,1578071184,98,-11.41,-69.49,297.07,1.12
387,Port Macquarie,0,AU,1578070915,83,-31.43,152.91,294.82,3.6
388,Puerto Carreno,85,CO,1578071184,55,6.19,-67.49,304.15,5.7
389,Tazovskiy,96,RU,1578071184,95,67.47,78.7,249.78,4.91
390,Hoima,100,UG,1578071184,53,1.43,31.35,296.94,0.23
391,Buin,0,CL,1578071184,32,-33.73,-70.74,301.15,3.1
392,Almeirim,77,BR,1578071184,78,-1.53,-52.58,302.08,1.68
393,Phek,100,IN,1578071184,98,25.7,94.46,284.31,1.24
394,Faya,0,SA,1578071184,87,18.39,42.45,290.15,5.1
395,San Carlos de Bariloche,0,AR,1578071185,27,-41.13,-71.31,298.15,12.9
396,Melo,23,UY,1578071185,46,-32.37,-54.17,299.64,7.62
397,Mitchell,90,US,1578071050,84,43.71,-98.03,273.15,14.9
398,Muscat,0,OM,1578071185,57,23.6,58.55,297.15,0.38
399,Kizukuri,100,JP,1578071185,57,40.81,140.39,271.48,2.68
400,Balkhash,100,KZ,1578071185,80,46.84,74.98,266.41,0.45
401,Ancud,75,CL,1578071185,68,-41.87,-73.83,295.15,5.7
402,Gualaquiza,95,EC,1578071185,74,-3.4,-78.58,295.78,1.09
403,Riom,75,FR,1578071185,71,45.89,3.11,283.15,2.1
404,Zmeinogorsk,52,RU,1578071185,91,51.15,82.2,265.12,2.15
405,Canmore,75,CA,1578071186,71,51.09,-115.35,264.26,1.0
406,Nurota,24,UZ,1578071186,86,40.56,65.69,278.15,5.1
407,Ixtapa,5,MX,1578070954,77,20.71,-105.21,295.37,2.1
408,Torbay,90,CA,1578071186,83,47.66,-52.73,273.71,10.3
409,Prince Rupert,90,CA,1578071186,93,54.32,-130.32,275.15,1.0
410,Sao Felix do Xingu,100,BR,1578071186,99,-6.64,-51.99,295.8,0.55
411,Vigrestad,40,NO,1578071186,70,58.57,5.7,279.26,10.8
412,Qiyang,76,CN,1578071186,81,26.59,111.85,280.47,1.79
413,Taltal,13,CL,1578071186,67,-25.41,-70.49,292.02,3.66
414,Havre-Saint-Pierre,1,CA,1578071186,73,50.23,-63.6,266.15,3.1
415,Dauriya,0,RU,1578071186,92,49.93,116.85,254.26,2.43
416,Half Moon Bay,75,US,1578071187,76,37.46,-122.43,285.37,3.1
417,Zhezkazgan,99,KZ,1578071187,97,47.8,67.71,269.83,2.72
418,Ozinki,100,RU,1578071187,94,51.2,49.73,270.33,5.0
419,San Jeronimo,90,PE,1578071187,76,-13.65,-73.37,285.15,4.6
420,Labuhan,100,ID,1578071187,95,-2.54,115.51,296.4,0.53
421,Sassandra,53,CI,1578071247,49,4.95,-6.09,299.25,2.61
422,Tuatapere,81,NZ,1578071247,81,-46.13,167.69,280.93,5.81
423,Rena,79,ES,1578071247,71,39.05,-5.81,285.37,0.89
424,Datong,15,CN,1578071100,71,40.09,113.3,264.71,1.4
425,Chara,40,GR,1578071247,55,39.42,22.43,281.15,0.79
426,Batsfjord,89,NO,1578070985,80,70.63,29.72,273.15,1.5
427,Raudeberg,75,NO,1578071248,80,61.99,5.14,275.15,12.9
428,Emerald,4,AU,1578071248,61,-23.53,148.16,298.15,4.1
429,Bilma,0,NE,1578071248,25,18.69,12.92,285.08,2.66
430,Purranque,20,CL,1578071229,69,-40.91,-73.16,297.15,3.6
431,Turinsk,100,RU,1578071248,90,58.04,63.7,265.57,6.56
432,Panaba,0,MX,1578071248,51,21.28,-88.27,304.43,5.18
433,Reading,90,US,1578071247,100,40.34,-75.93,281.48,0.9
434,Karagay,100,RU,1578071248,93,58.27,54.93,270.78,6.46
435,Ginir,55,ET,1578071248,81,7.14,40.71,288.69,1.78
436,Kampot,20,KH,1578071248,88,10.62,104.18,298.15,1.0
437,Beinamar,20,TD,1578071248,22,8.67,15.38,295.74,2.2
438,Chichihualco,70,MX,1578071248,69,17.68,-99.65,293.59,1.5
439,Lipin Bor,100,RU,1578071248,90,60.26,37.97,274.25,5.8
440,Kudahuvadhoo,55,MV,1578071249,76,2.67,72.89,301.48,3.96
441,Evanton,40,GB,1578071249,75,57.66,-4.34,279.26,10.8
442,Jiayuguan,0,CN,1578071249,71,39.77,98.29,262.95,0.27
443,Aykhal,0,RU,1578071249,83,65.95,111.51,248.15,1.0
444,Eyl,18,SO,1578071249,81,7.98,49.82,298.7,8.74
445,Brae,98,GB,1578070985,69,60.4,-1.35,277.15,11.3
446,Sinnamary,100,GF,1578071249,75,5.38,-52.96,300.09,5.62
447,Natalio,60,PY,1578071249,40,-26.76,-55.14,304.56,2.95
448,Forestville,90,CA,1578071249,86,48.74,-69.09,270.15,1.5
449,Sao Joao da Barra,75,BR,1578071249,58,-21.64,-41.05,304.15,3.1
450,Larsnes,75,NO,1578071250,69,62.2,5.58,275.15,18.0
451,Kununurra,94,AU,1578071250,74,-15.77,128.74,301.15,1.5
452,Riyadh,0,SA,1578071210,36,24.63,46.72,298.15,2.1
453,Corrales,52,CO,1578071250,50,5.83,-72.84,291.03,1.84
454,Nhulunbuy,40,AU,1578071250,74,-12.18,136.78,302.15,2.1
455,Srednekolymsk,2,RU,1578071250,77,67.46,153.71,253.68,1.32
456,Srinivaspur,40,IN,1578071250,78,13.34,78.21,296.15,3.6
457,Aklavik,90,CA,1578071250,69,68.22,-135.01,248.15,4.6
458,Aquiraz,75,BR,1578071250,62,-3.9,-38.39,304.15,6.7
459,Troitskoye,93,RU,1578071250,95,52.98,84.68,267.05,3.62
460,Rehoboth,92,NA,1578071250,43,-23.31,17.08,299.47,8.92
461,Konevo,69,BG,1578071251,56,41.67,25.61,278.15,0.45
462,Laguna,41,BZ,1578071251,62,16.17,-88.94,304.15,2.1
463,Lakatoro,1,VU,1578071251,74,-16.11,167.42,299.42,4.27
464,Kanashevo,80,RU,1578071251,78,55.21,62.07,264.15,5.0
465,Revda,100,RU,1578071251,98,67.94,34.55,273.15,2.15
466,Nioro,100,GM,1578071251,7,13.79,-15.05,305.13,4.12
467,Aksu,75,KZ,1578071251,92,52.04,76.93,272.15,6.0
468,Adrar,25,DZ,1578071251,20,27.87,-0.29,291.15,5.7
469,Darhan,0,MN,1578071251,80,49.49,105.92,257.04,1.66
470,Onalaska,90,US,1578071251,69,43.88,-91.23,275.37,2.1
471,Marawi,90,PH,1578071251,90,8.0,124.29,295.93,4.02
472,Bonavista,6,CA,1578071251,84,48.65,-53.11,272.68,6.56
473,Santa Maria,75,BR,1578071252,58,-16.02,-48.01,301.15,5.1
474,Kibre Mengist,53,ET,1578071252,87,5.87,38.99,288.96,1.04
475,Kaya,7,NG,1578071252,23,13.31,12.68,290.58,4.87
476,Kozlovka,90,RU,1578071312,91,55.84,48.25,274.15,9.0
477,Kargat,100,RU,1578071312,92,55.19,80.28,266.85,6.11
478,Okha,98,RU,1578071313,99,53.59,142.95,253.96,1.96
479,Usta Muhammad,9,PK,1578071313,30,28.18,68.05,286.59,0.9
480,Fairbanks,1,US,1578071313,82,64.84,-147.72,253.15,1.42
481,Borazjan,75,IR,1578071313,56,29.27,51.21,293.15,1.0
482,Aranos,64,NA,1578071313,22,-24.14,19.11,306.63,3.22
483,Shimoni,94,KE,1578071313,83,-4.65,39.38,300.23,5.7
484,Athens,20,GR,1578071191,36,37.98,23.73,283.15,2.6
485,Ojinaga,1,US,1578071313,81,29.56,-104.41,280.93,4.52
486,Tres Arroyos,0,AR,1578071314,26,-38.38,-60.28,303.92,5.21
487,Makakilo City,75,US,1578071314,88,21.35,-158.09,297.15,1.5
488,Yermakovskoye,39,RU,1578071314,74,53.28,92.4,260.99,1.77
489,Beringovskiy,0,RU,1578071314,79,63.05,179.32,249.94,7.39
490,Macon,90,US,1578071314,69,32.84,-83.63,299.15,7.2
491,Sept-Iles,75,CA,1578071224,67,50.2,-66.38,268.15,2.6
492,Merauke,100,ID,1578071249,90,-8.49,140.4,297.42,1.92
493,Jinchang,0,CN,1578071314,36,38.52,102.19,269.15,1.95
494,Winnemucca,1,US,1578071315,69,40.97,-117.74,275.93,1.5
495,Gejiu,100,CN,1578071315,97,23.36,103.16,285.23,2.12
496,Shache,100,CN,1578071315,63,38.42,77.24,268.26,1.95
497,Vardo,90,US,1578071315,87,39.62,-77.74,283.71,2.6
498,Constantine,0,DZ,1578071059,75,36.36,6.61,280.15,3.6
499,Martinez,90,US,1578071315,93,38.01,-122.13,285.37,1.73
500,Seydi,37,NE,1578071315,15,13.34,7.75,295.15,6.2
501,Saiha,100,IN,1578071315,99,22.49,92.98,287.78,0.4
502,Grand Gaube,75,MU,1578071315,94,-20.01,57.66,299.15,1.5
503,Dombas,79,NO,1578071316,91,62.07,9.12,261.34,4.0
504,Pincher Creek,90,CA,1578071316,59,49.49,-113.95,277.04,2.21
505,Eureka,1,US,1578071316,86,40.8,-124.16,282.59,6.2
506,Bulawayo,83,ZW,1578071316,37,-20.16,28.59,298.63,2.53
507,Varzea Grande,40,BR,1578071316,68,-29.42,-50.86,298.15,2.1
508,Port Augusta,4,AU,1578071316,57,-32.49,137.76,295.37,2.24
509,Darnah,73,LY,1578071316,56,32.77,22.64,286.68,10.1
510,Haines Junction,80,CA,1578071316,98,60.75,-137.51,250.04,2.47
511,North Bend,1,US,1578071316,81,43.41,-124.22,280.15,2.6
512,Gizo,75,IL,1578071316,58,31.8,34.94,286.15,3.6
513,Kindu,83,CD,1578071317,97,-2.95,25.92,295.48,1.53
514,Cururupu,77,BR,1578071317,58,-1.82,-44.87,304.65,2.86
515,Faanui,88,PF,1578071317,79,-16.48,-151.75,300.56,6.68
516,Pombas,60,BR,1578071317,65,-15.9,-54.74,303.8,0.77
517,Hare Bay,75,CA,1578071317,85,48.86,-53.99,273.15,7.7
518,Tahlequah,90,US,1578071166,75,35.92,-94.97,282.04,4.6
519,Lamar,1,US,1578071317,74,38.09,-102.62,272.15,3.1
520,Bud,75,NO,1578071317,64,62.91,6.91,274.15,19.5
521,Aksarka,100,RU,1578071317,96,66.56,67.8,259.83,3.77
522,Lakselv,94,NO,1578071317,100,70.05,24.96,270.15,9.8
523,Zhuhai,29,CN,1578071317,84,40.71,112.04,257.15,1.0
524,Ourinhos,66,BR,1578071317,60,-22.98,-49.87,301.93,4.54
525,Houston,1,US,1578071100,55,29.76,-95.37,291.48,3.6
526,Talcahuano,3,CL,1578071121,64,-36.72,-73.12,296.15,4.6
